letter,frequency,color
TX,6025,6.111111111
FL,3431,9.89
CA,23291,11
IL,15131,25.55555556
NY,40000,9.333333333
MI,6835,0.222222222
PA,4150,2.111111111
OH,12641,27.22222222
NC,2129,15.77777778
VA,18272,30
